{"bias": 0, "weight": [0.489251, -0.351681, 0.616841, -0.092736, -0.04999, -0.209667, -0.151741, 0.102741, -0.080201, -0.116773, -0.368532, 0.100878, -0.08589, -0.14264, -0.149918, -0.053431, -0.322679, -0.033827, -0.141041, -0.545269, 0.155393, -1.591622, 0.02951, 0.080959, -0.107521, -0.217365, -0.067034, -0.080606, -0.155057, -0.127755, 0.0, 0.059476, -0.0, 0.415016, -0.196485, 0.573782, 0.339226, 0.010448, 0.420818, 0.248212, 0.266541, 0.371883, 0.281594, -0.263017, 0.389674, 0.291656, -0.323014, 0.556187, 0.255758, -0.574881, 0.605191, 0.11274, -0.680289, 0.598315, 0.059278, -0.421217, -0.036254, -0.072083, -0.093602, -0.20845, -0.388429, -0.032406, -0.049086, 1.011813, -0.323584, -0.249811, 0.175601, -0.902725, 0.668843, 0.057674, -0.768145, 0.590094, -0.296025, -0.475597, 0.37491, -1.635691, -0.085147, 0.146161, 0.023187, -0.810634, 0.572044, -0.405134, 0.499046, -0.267272, -0.549973, 0.42925, -0.245188, -0.394896, 0.421273, -0.236974, -0.444229, 0.326638, -0.237975, -0.932948, -0.195757, 0.090525, 0.022157, 0.075882, -0.065554, -1.853032, 0.388923, -0.250606, 0.559256, -0.349495, -0.010021, -0.895873, 0.089684, -0.287978, 0.251365, -0.158068, 0.312628, 0.473997, -0.289563, 0.594146, 0.346205, 0.129116, 0.352161, 0.23871, 0.045075, 0.378383, 0.169459, 0.390817, 0.096001, 0.323365, 0.276138, 0.20832, 0.264482, 0.48386, 0.001714, 0.28819, 0.115303, 0.047975, -0.187225, -0.12279, -0.177749, -0.173305, -0.206357, -0.121144, 0.289478, 0.519685, -0.830313, 0.06325, -0.381477, 0.354088, -0.417874, -0.20357, 0.215265, -0.347992, -0.22138, 0.281504, 0.732489, -0.284041, 0.219299, -0.125632, -0.304522, 0.002184, 0.346312, 0.744049, -0.91042, 0.30416, 0.696578, -0.935414, 0.797948, -0.231895, -0.327014, 0.376196, 0.085562, -0.420352, -0.638996, 0.24237, -0.096995, 0.295777, 0.366835, 0.069234, 0.135366, -0.194161, 0.190247, -0.478106, -0.150031, 0.125765, -0.505506, -0.070287, 0.031646, 0.104401, 0.992274, -0.285246, 0.120441, 0.845924, -0.314361, 0.609487, 0.797891, -1.082508, -0.413937, -0.193271, 0.249463, 0.381468, 0.469977, -0.653861, 0.361676, 0.453849, -0.637506, 0.220332, -0.044227, -0.147702, 0.60063, -0.304968, -0.2799, 0.104454, -0.187769, -0.151318, 0.621669, 0.491326, -0.936908, 0.787397, -0.363952, -0.265824, 0.403341, -0.088734, 0.478694, 0.295211, 0.170418, 0.309841, 0.217612, 0.432785, 0.0636, -0.522538, -0.116344, 0.097224, 0.105125, 0.904839, -0.312281, 0.150412, 0.579486, -0.207107, 0.139023, 0.807544, -0.299805, -0.329756, -0.209056, 0.047303, 0.272558, 0.527742, 0.00896, 0.285198, 0.432002, 0.203821, 0.302955, 0.34566, 0.322767, 0.186372, -0.435428, -0.011288, 0.195219, -0.559519, 0.501374, 0.320926, -0.457993, 0.500862, 0.343184, -0.20845, 0.458209, 0.352068, -0.161269, 0.319662, 0.303547, 0.249374, -0.058654, 0.273938, 0.241004, -0.018349, 0.223398, 0.191589, 0.016755, 0.143101, 0.228401, 0.008, 0.182997, 0.197353, -0.027991, 0.511084, -0.108723, 0.061164, -0.158408, 0.073627, -0.140979, 0.252139, 0.503141, -0.225717, 0.196854, 0.543359, -0.204711, -0.354989, 0.052306, 0.025808, -0.403034, -0.057529, 0.18192, -0.444552, -0.021373, -0.000242, 0.257367, -0.330993, 0.381809, 0.435982, -0.278003, 0.276956, -0.343005, -0.177503, 0.300414, 0.49058, -0.172363, -0.288562, 0.373964, -0.25236, -0.219342, 0.473745, 0.815466, -0.934203, 0.326951, -0.086353, 0.011992, 0.336906, 0.068797, -0.416098, -0.021812, -0.163106, -0.114725, 0.056426, 0.011401, -0.049486, -1.046825, -0.302037, 0.263271, -0.880364, -0.346194, 0.186439, -0.338748, -0.685246, 0.543307, -0.644055, 0.222705, -0.387838, -0.030788, -0.404126, 0.3292, -0.323548, -0.220152, 0.0906, 0.627789, -0.432594, 0.112074, -0.556393, -0.536631, 0.496082, -0.367829, -0.54787, 0.580906, -0.284593, -0.497501, 0.589407, -0.163969, -0.502784, 0.563767, -0.157427, -0.453512, 0.442792, -0.15891, -0.516874, 0.184457, 0.753457, -0.325241, 0.168525, -0.27082, 0.265249, -0.5766, -0.158759, -0.107088, -0.156251, -0.058023, -0.231193, 0.371046, 0.837559, -0.241078, -0.054533, -0.223291, -0.337962, 0.312272, -0.301103, -0.050832, 0.35103, -1.650149, 0.170781, -0.164018, -0.276925, -0.268839, 0.160488, 0.303925, -0.160175, 0.059286, -0.816171, -0.452762, 0.348775, -0.185539, -0.310414, 0.076076, -0.105461, -0.021296, 0.242068, -0.143037, -0.160954, 0.134485, 0.515763, -0.176733, 0.130931, 0.093446, -0.126276, 0.331744, 0.711882, -0.362856, -0.126468, -0.183181, 0.28282, -0.116632, -0.268951, 0.071115, -0.111713, 0.051516, -0.183478, 0.366765, -0.830745, 0.090092, -0.31741, -0.534334, -0.583346, 0.532597, 0.004412, -0.899138, 0.724261, 0.093562, 0.67087, -0.203661, 0.703326, -0.21938, 0.243617, -0.119456, 0.408436, -0.476448, -0.353744, 0.178073, -0.267611, -0.324692, 0.000658, -0.092706, -0.074628, -0.102981, -0.085657, 0.160226, 0.411774, -0.56029, 0.048954, -1.003366, 0.722721, -0.092179, -0.887402, 0.630538, -0.457354, -0.714733, 0.519456, -0.037473, 0.226655, -0.627085, -0.510985, 1.019031, -0.914097, -0.47488, 1.800975, -1.632237, -0.364301, 2.016733, -1.777229, -0.424151, 1.691804, -1.502314, -0.957646, 1.224476, -1.047004, 0.964135, -0.300428, -0.159515, -1.106737, -0.264034, 0.289434, -0.127197, 0.27937, -0.149868, -0.02526, 0.137292, 0.004519, -0.474594, -0.19293, 0.068369, -0.144401, 0.227936, -0.064054, -0.117795, -0.40997, 0.105584, -0.273843, 0.09758, 0.11894, -0.290012, 0.246106, 0.003752, -0.039641, 0.258684, -0.172227, -0.012477, -0.250198, 0.215622, -0.737358, 0.085645, -0.114496, -0.127508, -0.380466, 0.191786, 0.136776, 0.332625, -0.27908, -0.2685, 0.34137, -0.381728, 0.416799, -0.165117, 0.200916, 0.337498, 0.030921, 0.155275, 0.329952, -0.002223, 0.230557, 0.306308, -0.146751, 0.274587, 0.206199, -0.195344, 0.278964, 0.297029, -0.302, -0.009758, 0.236189, 0.638721, -0.2098, 0.173933, 0.679744, -0.178032, 0.098645, 0.707685, -0.150136, 0.335986, 0.303314, -0.034131, 0.732127, -0.232377, 0.252662, -0.11767, -0.437257, 0.237799, -0.326289, -0.15454, 0.079079, -0.541157, -0.183356, 0.129791, 0.285662, 0.649973, -0.161424, 0.378265, -0.113935, 0.283114, 0.033288, -0.138855, -0.044408, 0.178729, -0.145895, -0.048459, -0.078131, -0.425799, 0.05922, -0.158605, -0.510736, 0.107817, -0.118934, -0.519486, 0.09536, -0.152214, -0.280443, 0.187176, 0.105896, 0.128891, -0.158863, 0.077304, -0.124782, -0.029951, 0.164601, -0.172796, 0.001509, 0.044843, 0.155115, 0.067986, -0.114108, -0.062838, 0.258823, 0.109617, -0.004022, -0.00124, 0.476648, -0.180087, 0.259661, 0.17274, -0.031176, 0.148661, 0.530855, -0.089226, 0.221372, 0.089637, 0.051394, -0.067946, -0.183582, -0.239071, 0.294476, -0.093108, 0.110377, 0.109371, -0.100668, 0.181184, 0.046536, 0.165614, 0.25209, 0.156449, 0.528764, -0.179184, 0.282718, 0.195808, -0.012795, 0.196033, 0.252195, -0.13191, 0.316481, 0.306898, 0.103581, 0.067797, -0.091951, -0.298538, 0.291702, -0.316588, -0.249658, 0.031205, -0.447041, -0.202611, 0.158248, -0.274772, -0.226618, -0.04484, -0.259562, 0.140218, -0.15204, -0.239225, 0.307466, -0.301693, -0.264137, 0.350059, -0.332445, -0.239961, 0.367118, -0.352175, -0.348058, 0.33316, -0.415076, -1.177293, 0.090355, -0.275075, 0.589051, -0.263536, 0.076917, -0.848148, -0.298794, 0.267705, -0.351987, -0.431612, 0.348489, -0.12139, -0.559731, 0.49751, 0.008355, -0.636473, 0.581291, -0.090323, -0.593576, 0.47465, -0.219458, -0.462057, 0.412983, 0.717152, -0.164217, -0.008496, -0.465004, -0.173993, 0.17588, -0.125505, -0.306342, 0.146246, -0.28404, -0.198378, -0.076633, -0.292762, -0.16611, -0.090613, -0.310363, -0.215994, -0.04155, -0.447935, -0.132316, 0.139883, -0.235038, -0.141148, -0.125015, -0.345919, 0.006276, -0.089708, -0.641927, -0.535337, 0.432581, -0.38607, -0.383832, 0.290199, -0.288141, -0.287379, 0.179662, -1.49651, 0.830647, -0.675021, -0.947091, 0.257144, -0.239302, -0.060755, -0.392659, 0.029357, 0.674734, 0.37579, -0.404147, 0.128287, -0.05535, -0.114665, -0.651932, -0.158524, -0.22107, -0.733712, -0.932457, 0.816386, -0.622102, -0.953193, 0.799947, -0.355936, -0.613233, 0.494561, 0.81515, 0.351964, 