{"bias": -0.2064572, "weight": [0.442643, 0.092741, 0.367934, -0.034531, 0.12085, 0.036158, -0.080065, 0.123035, 0.111238, 0.048867, -0.128795, 0.168314, -0.017697, 0.034076, 0.062157, 0.036854, -0.103199, 0.101136, 0.091096, -0.201328, 0.17406, -1.354805, 0.078786, -0.07131, 0.087022, -0.080399, -0.005648, 0.096216, -0.084222, -0.043956, 0.0, -0.036284, -0.0, 0.365681, 0.12165, 0.371444, 0.305065, 0.151085, 0.31895, 0.22749, 0.165872, 0.268565, 0.220603, -0.102408, 0.240894, 0.195115, -0.262517, 0.351226, 0.166562, -0.493721, 0.443082, 0.076783, -0.649736, 0.463316, -0.195316, -0.447098, 0.088718, -0.015473, 0.102677, 0.009912, -0.089261, 0.008548, 0.137966, 0.517064, -0.157311, -0.224818, 0.021734, -0.645339, 0.397823, -0.096079, -0.452811, 0.295946, -0.354672, -0.216278, 0.148231, -1.333458, -0.031852, 0.009576, 0.0106, -0.690924, 0.490823, -0.384419, 0.211484, -0.287028, -0.411229, 0.140533, -0.219946, -0.438299, 0.188173, -0.232102, -0.579051, 0.130999, -0.20066, -0.770312, -0.119261, -0.011463, -0.117499, -0.018272, -0.20024, -1.555591, 0.261569, -0.2541, 0.330575, -0.169431, -0.017184, -0.666398, -0.02919, -0.220455, 0.070404, -0.055466, 0.203451, 0.441207, 0.108183, 0.291545, 0.278011, 0.170314, 0.230035, 0.277353, 0.229879, 0.113639, 0.159495, 0.370386, -0.040899, 0.244294, 0.23623, 0.090345, 0.155667, 0.340243, -0.027149, -0.037992, -0.090826, 0.241326, -0.077425, 0.057059, 0.053929, -0.037604, -0.021127, 0.071576, -0.048352, 0.329419, -0.501118, 0.123932, -0.107554, 0.210569, -0.082818, -0.14619, 0.233713, -0.058698, -0.147053, 0.226966, 0.253533, -0.092253, 0.198106, 0.018192, -0.09341, 0.117318, 0.067912, 0.285276, -0.354354, 0.012417, 0.414528, -0.47268, 0.41857, -0.134948, -0.25706, 0.368468, -0.399279, 0.170848, -0.397763, -0.050629, -0.057998, -0.082459, -0.010871, 0.260976, 0.425981, -0.091838, 0.004375, -0.132513, -0.146984, 0.226162, -0.181317, -0.04262, 0.190251, 0.03712, 0.589153, -0.185401, 0.01041, 0.493905, -0.188391, 0.184802, 0.481762, -0.613963, -0.104867, -0.147125, 0.239285, 0.165101, -0.047097, -0.056281, 0.207085, -0.055192, -0.071989, 0.232918, -0.135728, -0.163925, 0.246803, -0.262375, -0.157317, 0.121373, -0.201252, -0.073622, 0.16005, 0.285012, -0.594162, 0.336695, -0.254846, -0.187535, 0.366333, 0.145313, 0.260903, 0.266814, 0.242033, 0.112972, 0.16235, 0.354058, -0.029853, -0.15828, -0.098302, 0.242124, 0.018534, 0.537051, -0.186596, 0.027021, 0.308184, -0.099368, 0.003192, 0.470557, -0.152929, -0.04547, -0.119898, 0.183086, 0.116414, 0.294381, -0.003445, 0.163113, 0.229659, 0.121764, 0.202352, 0.177523, 0.209817, -0.110923, -0.456874, 0.096973, 0.102182, -0.593324, 0.399005, 0.180171, -0.444265, 0.362056, 0.173124, -0.205521, 0.281174, 0.193143, -0.069581, 0.179467, 0.100876, 0.159914, -0.039053, 0.072519, 0.086606, -0.026576, 0.052079, -0.003136, -0.006113, 0.031693, 0.003327, 0.035466, -0.088182, 0.050341, 0.184855, 0.455723, 0.032467, 0.026054, -0.084196, 0.146155, 0.109777, 0.072377, 0.31991, -0.103757, 0.039922, 0.301885, -0.10307, -0.14411, 0.032365, 0.141923, -0.149971, -0.089266, 0.218166, -0.161878, 0.004251, 0.154472, 0.133841, -0.077583, 0.238111, 0.137624, -0.048359, 0.239063, -0.09105, -0.123854, 0.239315, 0.332379, -0.181589, -0.242245, 0.181118, -0.281667, -0.117283, 0.143884, 0.35781, -0.425874, -0.00464, -0.198141, 0.18993, 0.426162, -0.466447, 0.194131, 0.077596, -0.145027, -0.063374, 0.094867, -0.098181, -0.102152, -0.891696, -0.106522, 0.074739, -0.642397, -0.215545, 0.028497, -0.119913, -0.696396, 0.544795, -0.658477, 0.079205, -0.246541, 0.103976, -0.131704, 0.209092, -0.028277, -0.122837, 0.163537, 0.397743, -0.194565, 0.058912, -0.497034, -0.254222, 0.235507, -0.394365, -0.256772, 0.312016, -0.305586, -0.269163, 0.400785, -0.208737, -0.368471, 0.422298, -0.14881, -0.383638, 0.426859, 0.054745, -0.182644, 0.17777, 0.455552, -0.121396, 0.125225, -0.331912, 0.094899, -0.362771, -0.019495, 0.064943, 0.038106, 0.058642, -0.070761, 0.238189, 0.510902, -0.115865, -0.040189, -0.085921, -0.367687, 0.412316, -0.120489, -0.07145, 0.268201, -1.420546, 0.062011, -0.128236, -0.010303, -0.135178, 0.150337, 0.469513, 0.00654, -0.041782, -0.392971, -0.57557, 0.413388, 0.024493, -0.119138, 0.122, 0.155315, -0.149335, 0.059052, 0.404707, -0.210214, -0.065757, 0.482316, -0.028832, 0.08245, 0.267725, -0.157681, 0.140487, 0.365312, -0.19665, -0.097918, -0.130239, 0.064859, -0.284059, -0.097599, 0.120149, 0.120027, 0.04491, -0.062334, 0.222699, -0.42798, -0.078526, -0.25511, -0.544787, -0.270229, 0.183011, -0.125057, -0.520116, 0.344865, 0.00582, 0.35976, -0.088478, 0.403755, -0.073922, 0.13548, -0.137729, 0.11836, -0.420418, 0.11088, 0.014882, -0.371992, 0.24749, -0.087055, -0.264615, 0.054659, -0.101908, -0.032506, -0.162414, 0.138911, -0.440925, -0.029297, -0.679089, 0.424572, -0.048383, -0.726921, 0.484075, -0.216549, -0.693955, 0.508612, -0.082015, 0.034517, -0.437586, -0.24584, 0.621074, -0.775216, -0.311295, 1.29267, -1.426841, -0.249899, 1.508377, -1.587983, -0.373289, 1.272551, -1.360823, -0.797913, 0.875957, -0.972973, 0.546856, -0.142769, -0.137747, -0.9776, -0.076132, 0.048964, -0.127843, 0.214158, 0.061141, -0.072402, 0.042547, 0.171471, -0.125635, -0.156725, 0.217895, -0.099777, 0.134489, 0.09507, 0.10868, -0.139931, 0.073055, 0.01695, -0.054013, -0.063151, -0.059315, 0.018235, -0.178908, -0.171749, 0.057429, -0.326018, 0.458665, -0.195168, 0.030493, -0.334784, -0.135903, -0.003124, 0.057865, -0.138007, 0.184963, -0.159656, 0.086338, -0.383161, -0.01753, 0.094695, -0.422424, 0.473559, -0.040125, 0.082561, 0.15096, 0.036882, 0.079793, 0.116116, -0.075214, 0.131316, 0.126064, -0.238891, 0.179533, 0.084913, -0.329246, 0.251626, -0.00304, -0.336667, 0.142708, 0.091619, 0.42826, -0.116753, 0.079465, 0.470318, -0.120905, 0.07243, 0.49604, -0.132815, -0.085858, 0.044074, 0.211306, 0.241499, -0.082442, 0.168064, 0.063482, -0.150823, 0.186869, -0.039223, -0.426448, 0.307843, -0.192694, -0.389917, 0.253914, 0.091601, 0.381722, -0.073228, 0.206777, -0.106043, 0.149476, 0.28152, -0.451938, 0.294844, -0.041864, -0.181268, -0.058648, 0.056799, -0.166468, 0.14715, 0.054966, -0.195097, 0.159037, 0.073051, -0.200967, 0.165598, 0.032481, -0.111703, 0.157336, -0.161448, -0.035219, -0.300801, -0.178316, -0.25258, -0.12093, -0.142413, -0.261384, -0.085068, -0.035031, -0.039272, 0.09806, -0.087999, -0.042195, 0.223553, -0.006653, -0.101999, 0.001046, 0.046518, -0.079276, 0.193665, -0.078425, -0.0056, 0.208898, 0.0356, -0.070601, 0.127827, -0.161816, -0.049601, -0.236163, -0.004722, -0.114528, 0.201845, -0.004013, -0.041196, 0.016713, -0.069105, -0.007911, -0.083484, -0.015192, -0.002549, 0.183972, 0.342021, -0.089815, 0.134262, 0.103412, -0.116321, 0.109004, 0.389768, -0.074851, 0.138205, -0.106989, 0.017817, 0.177749, 0.07159, -0.101838, 0.211324, -0.028524, -0.14149, 0.161062, -0.108653, -0.162036, 0.236488, -0.031381, -0.050936, 0.138924, -0.114786, -0.208923, 0.135028, -0.218546, 0.000448, -0.024373, -0.293714, 0.07204, -0.108617, -0.338319, 0.153458, -0.158703, -0.46877, 0.172043, -0.210097, -1.003821, 0.029377, -0.221161, 0.438971, -0.087853, 0.031817, -0.742102, -0.150321, 0.094543, -0.381824, -0.224826, 0.199518, -0.213034, -0.341451, 0.336888, -0.106467, -0.500603, 0.398954, -0.08006, -0.53945, 0.466576, -0.079911, -0.526443, 0.467052, 0.449013, -0.039358, 0.006587, -0.12879, -0.148363, 0.23515, 0.044971, -0.103756, 0.170304, -0.060431, -0.059381, 0.114993, -0.034825, -0.042782, 0.080545, -0.047596, -0.095704, 0.129152, -0.136968, -0.119685, 0.204369, -0.037851, 0.002586, 0.059982, -0.099831, 0.05691, 0.123718, -0.250649, -0.64435, 0.51286, -0.078972, -0.531363, 0.424827, -0.00637, -0.408454, 0.383812, -1.233567, 0.56696, -0.623548, -0.953376, 0.085658, -0.173305, 0.053082, -0.15452, 0.134329, 0.418023, 0.272124, -0.305871, -0.017964, 0.067061, 0.156109, -0.563268, -0.42487, -0.009588, -0.568731, -0.689492, 0.535677, -0.46079, -0.663683, 0.541059, -0.25911, -0.413718, 0.357459, 0.493603, 0.265443, -0.318874,